epoch,loss,val_loss
1,1.0411208052384227,1.0242504517237345
2,1.0250092347462971,1.0217885017395019
3,1.0245217168540286,1.0247610807418823
4,1.0248329053845322,1.0220255692799887
5,1.0246507556814897,1.0224839051564534
6,1.0246521192684508,1.0228495359420777
7,1.0246079658207141,1.024003799756368
8,1.0242828632655896,1.0229576428731282
9,1.024269516007942,1.0227609634399415
10,1.0240517520067984,1.024867582321167
11,1.024343074413768,1.0218334754308065
12,1.0244310947886683,1.0230699857076009
