epoch,loss,val_loss
1,1.029054132183041,1.0186496849717765
2,1.0004316193867573,0.9612891036888649
3,0.7988129295079054,0.6349105115594535
4,0.5707576203662738,0.5345376935498468
5,0.4890781327159004,0.5084881833915053
6,0.4632545625214028,0.4536673313584821
7,0.42027675156044747,0.4917659327901643
8,0.4301043785778822,0.3984573205997204
9,0.4012614174754219,0.40919937861376793
10,0.39090089697753433,0.4034166592976143
